"outcome","outcome_label","pooled_estimate","pooled_se","pooled_p_value","fixed_estimate","fixed_se","fixed_p_value","random_estimate","random_se","random_p_value","f_test_p_value","lm_test_p_value","hausman_p_value","preferred_model","n"
"life_dissatisfaction","Life dissatisfaction",0.0561740704267538,0.0288979229517283,0.0519754297401063,0.030250207810735,0.0408837295441919,0.459469345418669,0.0558449151369373,0.0266914892975906,0.036476068799101,2.07099805796023e-62,9.2450751087912e-95,0.0457147253410441,"Fixed effects",4316
"loneliness","Loneliness",0.0223770801680386,0.0126030694641472,0.0758823348022218,0.041848884803999,0.0198275632283494,0.0349663973226006,0.0302484152752694,0.0120572450031751,0.0121532922173127,2.26203166888448e-47,2.2817260791671e-63,0.000632934653401065,"Fixed effects",4298
"schoolwork_dissatisfaction","School-work dissatisfaction",0.115523084530541,0.0332327981348897,0.000513652184629721,0.0507206801688182,0.04539722885547,0.264056164158054,0.103343301703684,0.0309385681393029,0.000844097951607926,1.44443254421671e-72,7.46430393360634e-74,1.7836218128079e-06,"Fixed effects",4329
"school_dissatisfaction","School dissatisfaction",0.0714967720462026,0.035108804332365,0.0417681576413946,0.0126518641319513,0.0498152667097885,0.799548549931415,0.0604583407786473,0.0327861874670454,0.0652494507081799,1.02602473996346e-61,2.56294379383889e-65,6.1097405967363e-07,"Fixed effects",4316
