"sex_f","N","proportion_high_use","mean_weekday_use"
"Male",2414,0.13960231980116,2.7096106048053
"Female",2763,0.138979370249729,2.69923995656895
